{"cameraMode":{"drawMode":0,"name":"Shaded","section":"Shading Mode"},"sceneLighting":false,"audioPlay":false,"sceneViewState":{"showFog":true,"showMaterialUpdate":false,"showSkybox":false,"showFlares":true,"showImageEffects":true,"showParticleSystems":true},"in2DMode":false,"pivot":{"x":-7.069535255432129,"y":-4.103527069091797,"z":-33.100555419921878},"rotation":{"x":0.0018563878256827593,"y":0.9980853199958801,"z":-0.03744570538401604,"w":0.04944495111703873},"size":13.939640998840332,"orthographic":false}