{"cameraMode":{"drawMode":0,"name":"Shaded","section":"Shading Mode"},"sceneLighting":false,"audioPlay":false,"sceneViewState":{"showFog":true,"showMaterialUpdate":false,"showSkybox":false,"showFlares":true,"showImageEffects":true,"showParticleSystems":true},"in2DMode":false,"pivot":{"x":0.06464290618896485,"y":-4.444998741149902,"z":-28.919130325317384},"rotation":{"x":0.05200694128870964,"y":0.6353170275688171,"z":-0.04294927045702934,"w":0.7693025469779968},"size":7.8824872970581059,"orthographic":false}