{"cameraMode":{"drawMode":0,"name":"Shaded","section":"Shading Mode"},"sceneLighting":false,"audioPlay":false,"sceneViewState":{"showFog":true,"showMaterialUpdate":false,"showSkybox":false,"showFlares":true,"showImageEffects":true,"showParticleSystems":true},"in2DMode":false,"pivot":{"x":3.6538076400756838,"y":7.2283549308776859,"z":-0.4821711778640747},"rotation":{"x":0.011953447014093399,"y":-0.7370815873146057,"z":-0.01303967833518982,"w":-0.6755852699279785},"size":6.90739631652832,"orthographic":false}