{"cameraMode":{"drawMode":0,"name":"Shaded","section":"Shading Mode"},"sceneLighting":false,"audioPlay":false,"sceneViewState":{"showFog":true,"showMaterialUpdate":false,"showSkybox":false,"showFlares":true,"showImageEffects":true,"showParticleSystems":true},"in2DMode":false,"pivot":{"x":33.64084243774414,"y":-13.158063888549805,"z":-74.54340362548828},"rotation":{"x":0.026484280824661256,"y":0.9006929993629456,"z":-0.05546262115240097,"w":0.43009594082832339},"size":39.39105987548828,"orthographic":false}