{"cameraMode":{"drawMode":0,"name":"Shaded","section":"Shading Mode"},"sceneLighting":false,"audioPlay":false,"sceneViewState":{"showFog":true,"showMaterialUpdate":false,"showSkybox":false,"showFlares":true,"showImageEffects":true,"showParticleSystems":true},"in2DMode":false,"pivot":{"x":-0.10409235954284668,"y":0.6533594131469727,"z":-5.544976234436035},"rotation":{"x":-0.04605474695563316,"y":-0.6842177510261536,"z":0.04338032752275467,"w":-0.7265480160713196},"size":3.9293694496154787,"orthographic":false}