{"cameraMode":{"drawMode":0,"name":"Shaded","section":"Shading Mode"},"sceneLighting":false,"audioPlay":false,"sceneViewState":{"showFog":true,"showMaterialUpdate":false,"showSkybox":false,"showFlares":true,"showImageEffects":true,"showParticleSystems":true},"in2DMode":false,"pivot":{"x":0.19311058521270753,"y":0.2495703101158142,"z":-4.731624126434326},"rotation":{"x":-0.041712820529937747,"y":-0.7633155584335327,"z":0.04954387992620468,"w":-0.6427943110466003},"size":3.9293694496154787,"orthographic":false}