{"cameraMode":{"drawMode":0,"name":"Shaded","section":"Shading Mode"},"sceneLighting":false,"audioPlay":false,"sceneViewState":{"showFog":true,"showMaterialUpdate":false,"showSkybox":false,"showFlares":true,"showImageEffects":true,"showParticleSystems":true},"in2DMode":false,"pivot":{"x":2.1740198135375978,"y":-5.255230903625488,"z":-39.48666000366211},"rotation":{"x":0.031146636232733728,"y":0.8673420548439026,"z":-0.0547148659825325,"w":0.49373120069503786},"size":11.055533409118653,"orthographic":false}